feature,completeness,robust_variability,raw_weight_score,weight
invariant_mass_MeV_c2,0.8,937.8289228199999,750.2631382560007,0.499431630579065
constituent_rest_mass_sum_MeV_c2,1.0,9.02,9.020000000001,0.006004391097096039
mass_gap_MeV_c2,0.8,928.3170874150001,742.6536699320009,0.49436619556152017
mass_gap_fraction_of_system_mass,0.6,0.4951932919490001,0.29711597517000005,0.00019778276231879804
